{"stats":{"minecraft:dropped":{"minecraft:wheat_seeds":3,"minecraft:oak_log":1},"minecraft:crafted":{"minecraft:oak_planks":76,"minecraft:crafting_table":1,"minecraft:stick":16,"minecraft:wooden_pickaxe":1,"minecraft:wooden_axe":1},"minecraft:custom":{"minecraft:time_since_rest":369,"minecraft:sprint_one_cm":36550,"minecraft:damage_taken":1016,"minecraft:walk_one_cm":29832,"minecraft:mob_kills":1,"minecraft:drop":4,"minecraft:damage_dealt":716,"minecraft:fly_one_cm":92675,"minecraft:swim_one_cm":8110,"minecraft:interact_with_crafting_table":1,"minecraft:player_kills":3,"minecraft:crouch_one_cm":2934,"minecraft:play_time":12027,"minecraft:deaths":3,"minecraft:sneak_time":1819,"minecraft:walk_under_water_one_cm":852,"minecraft:jump":358,"minecraft:leave_game":1,"minecraft:walk_on_water_one_cm":1076,"minecraft:time_since_death":0,"minecraft:total_world_time":12027,"minecraft:fall_one_cm":14837},"minecraft:killed_by":{"minecraft:player":1,"minecraft:creeper":1},"minecraft:used":{"minecraft:oak_log":7,"minecraft:wooden_axe":4,"minecraft:wooden_sword":6,"minecraft:mutton":1,"minecraft:crafting_table":1},"minecraft:mined":{"minecraft:crafting_table":1,"minecraft:short_grass":26,"minecraft:oak_log":26},"minecraft:killed":{"minecraft:sheep":1},"minecraft:picked_up":{"minecraft:stick":5,"minecraft:crafting_table":2,"minecraft:oak_log":29,"minecraft:dirt":8,"minecraft:wooden_sword":1,"minecraft:wheat_seeds":5,"minecraft:oak_sapling":5,"minecraft:mutton":2,"minecraft:oak_planks":8,"minecraft:white_wool":1}},"DataVersion":3953}