{"stats":{"minecraft:dropped":{"minecraft:wheat_seeds":3},"minecraft:custom":{"minecraft:time_since_rest":473,"minecraft:crouch_one_cm":153,"minecraft:play_time":5359,"minecraft:sprint_one_cm":20151,"minecraft:deaths":1,"minecraft:damage_taken":465,"minecraft:walk_one_cm":17799,"minecraft:sneak_time":76,"minecraft:walk_under_water_one_cm":113,"minecraft:mob_kills":1,"minecraft:drop":3,"minecraft:jump":157,"minecraft:damage_dealt":348,"minecraft:time_since_death":443,"minecraft:walk_on_water_one_cm":987,"minecraft:total_world_time":5359,"minecraft:swim_one_cm":6392,"minecraft:player_kills":1,"minecraft:fall_one_cm":7838,"minecraft:fly_one_cm":36568},"minecraft:used":{"minecraft:mutton":1},"minecraft:mined":{"minecraft:short_grass":25},"minecraft:killed":{"minecraft:sheep":1},"minecraft:picked_up":{"minecraft:wheat_seeds":3,"minecraft:oak_log":1,"minecraft:mutton":2,"minecraft:white_wool":1}},"DataVersion":3953}