{"stats":{"minecraft:dropped":{"minecraft:wheat_seeds":2},"minecraft:crafted":{"minecraft:wooden_sword":1,"minecraft:oak_planks":16,"minecraft:crafting_table":1,"minecraft:stick":4},"minecraft:custom":{"minecraft:time_since_rest":2020,"minecraft:crouch_one_cm":853,"minecraft:play_time":3994,"minecraft:sprint_one_cm":20629,"minecraft:walk_one_cm":4677,"minecraft:damage_taken":293,"minecraft:deaths":1,"minecraft:sneak_time":154,"minecraft:walk_under_water_one_cm":254,"minecraft:drop":2,"minecraft:jump":138,"minecraft:damage_dealt":276,"minecraft:time_since_death":1926,"minecraft:walk_on_water_one_cm":803,"minecraft:total_world_time":3994,"minecraft:swim_one_cm":10262,"minecraft:interact_with_crafting_table":1,"minecraft:fall_one_cm":4821,"minecraft:fly_one_cm":36306},"minecraft:killed_by":{"minecraft:player":1},"minecraft:used":{"minecraft:wooden_sword":5,"minecraft:dirt":2,"minecraft:crafting_table":1},"minecraft:mined":{"minecraft:short_grass":5,"minecraft:oak_log":4,"minecraft:grass_block":8,"minecraft:tall_grass":1,"minecraft:oak_leaves":2,"minecraft:crafting_table":1},"minecraft:picked_up":{"minecraft:crafting_table":1,"minecraft:wheat_seeds":3,"minecraft:oak_log":4,"minecraft:oak_sapling":1,"minecraft:dirt":8}},"DataVersion":3953}