{"stats":{"minecraft:dropped":{"minecraft:wheat_seeds":2},"minecraft:crafted":{"minecraft:wooden_sword":1,"minecraft:oak_planks":16,"minecraft:crafting_table":1,"minecraft:stick":4},"minecraft:custom":{"minecraft:time_since_rest":727,"minecraft:crouch_one_cm":853,"minecraft:play_time":10515,"minecraft:sprint_one_cm":61606,"minecraft:walk_one_cm":10923,"minecraft:damage_taken":729,"minecraft:deaths":3,"minecraft:sneak_time":154,"minecraft:walk_under_water_one_cm":1888,"minecraft:drop":2,"minecraft:jump":330,"minecraft:damage_dealt":441,"minecraft:leave_game":1,"minecraft:time_since_death":686,"minecraft:walk_on_water_one_cm":2412,"minecraft:total_world_time":10515,"minecraft:player_kills":1,"minecraft:swim_one_cm":11545,"minecraft:interact_with_crafting_table":1,"minecraft:fall_one_cm":10642,"minecraft:fly_one_cm":95681},"minecraft:killed_by":{"minecraft:player":3},"minecraft:used":{"minecraft:apple":2,"minecraft:wooden_sword":11,"minecraft:dirt":2,"minecraft:crafting_table":1,"minecraft:oak_sapling":1},"minecraft:mined":{"minecraft:short_grass":8,"minecraft:oak_log":4,"minecraft:grass_block":8,"minecraft:tall_grass":1,"minecraft:oak_leaves":5,"minecraft:crafting_table":1},"minecraft:picked_up":{"minecraft:stick":2,"minecraft:crafting_table":1,"minecraft:apple":2,"minecraft:wheat_seeds":3,"minecraft:oak_log":5,"minecraft:oak_sapling":5,"minecraft:dirt":16}},"DataVersion":3953}