{"stats":{"minecraft:crafted":{"minecraft:bone_meal":3},"minecraft:killed_by":{"minecraft:skeleton":2},"minecraft:custom":{"minecraft:jump":60,"minecraft:time_since_rest":238,"minecraft:damage_taken":480,"minecraft:play_time":3034,"minecraft:leave_game":2,"minecraft:sprint_one_cm":8462,"minecraft:walk_one_cm":7338,"minecraft:time_since_death":0,"minecraft:deaths":2,"minecraft:total_world_time":3034,"minecraft:fall_one_cm":2090,"minecraft:fly_one_cm":17144},"minecraft:picked_up":{"minecraft:bone":1,"minecraft:arrow":1}},"DataVersion":3953}