{"stats":{"minecraft:dropped":{"minecraft:dirt":8,"minecraft:porkchop":1,"minecraft:wheat_seeds":3,"minecraft:mutton":1,"minecraft:oak_sapling":3},"minecraft:crafted":{"minecraft:wooden_sword":1,"minecraft:oak_planks":16,"minecraft:crafting_table":1},"minecraft:custom":{"minecraft:time_since_rest":11033,"minecraft:crouch_one_cm":105,"minecraft:sprint_one_cm":45002,"minecraft:play_time":11033,"minecraft:damage_taken":99,"minecraft:walk_one_cm":38764,"minecraft:sneak_time":185,"minecraft:walk_under_water_one_cm":184,"minecraft:mob_kills":4,"minecraft:drop":16,"minecraft:jump":157,"minecraft:damage_dealt":506,"minecraft:leave_game":1,"minecraft:time_since_death":11033,"minecraft:walk_on_water_one_cm":1256,"minecraft:total_world_time":11033,"minecraft:interact_with_crafting_table":1,"minecraft:swim_one_cm":7517,"minecraft:fall_one_cm":2566,"minecraft:fly_one_cm":35265},"minecraft:used":{"minecraft:wooden_sword":9,"minecraft:mutton":3,"minecraft:crafting_table":1,"minecraft:porkchop":2},"minecraft:mined":{"minecraft:short_grass":7,"minecraft:oak_log":5,"minecraft:dirt":2,"minecraft:tall_grass":1,"minecraft:crafting_table":1},"minecraft:killed":{"minecraft:sheep":2,"minecraft:pig":2},"minecraft:picked_up":{"minecraft:crafting_table":1,"minecraft:stick":5,"minecraft:wheat_seeds":3,"minecraft:porkchop":4,"minecraft:oak_log":4,"minecraft:oak_sapling":3,"minecraft:mutton":4,"minecraft:dirt":8,"minecraft:white_wool":2}},"DataVersion":3953}