{"stats":{"minecraft:crafted":{"minecraft:oak_planks":24},"minecraft:custom":{"minecraft:jump":93,"minecraft:time_since_rest":4807,"minecraft:leave_game":1,"minecraft:walk_on_water_one_cm":116,"minecraft:play_time":4807,"minecraft:sprint_one_cm":14328,"minecraft:damage_taken":10,"minecraft:time_since_death":4807,"minecraft:walk_one_cm":3635,"minecraft:total_world_time":4807,"minecraft:walk_under_water_one_cm":253,"minecraft:swim_one_cm":5148,"minecraft:fall_one_cm":2750,"minecraft:fly_one_cm":24031},"minecraft:picked_up":{"minecraft:oak_log":6},"minecraft:mined":{"minecraft:oak_log":6}},"DataVersion":3953}