{"stats":{"minecraft:killed_by":{"minecraft:spider":1},"minecraft:custom":{"minecraft:time_since_rest":1293,"minecraft:deaths":1,"minecraft:crouch_one_cm":14,"minecraft:play_time":15103,"minecraft:sprint_one_cm":35899,"minecraft:damage_taken":220,"minecraft:walk_one_cm":11604,"minecraft:sneak_time":62,"minecraft:walk_under_water_one_cm":253,"minecraft:jump":181,"minecraft:damage_dealt":15,"minecraft:walk_on_water_one_cm":116,"minecraft:leave_game":5,"minecraft:time_since_death":1233,"minecraft:total_world_time":15103,"minecraft:swim_one_cm":5148,"minecraft:interact_with_crafting_table":1,"minecraft:fall_one_cm":6113,"minecraft:fly_one_cm":48043},"minecraft:used":{"minecraft:sand":1,"minecraft:crafting_table":1},"minecraft:mined":{"minecraft:oak_log":6,"minecraft:sand":1,"minecraft:crafting_table":1},"minecraft:picked_up":{"minecraft:wooden_sword":1,"minecraft:crafting_table":2,"minecraft:sand":1,"minecraft:oak_log":6,"minecraft:oak_planks":16},"minecraft:crafted":{"minecraft:wooden_sword":1,"minecraft:oak_planks":24,"minecraft:crafting_table":1,"minecraft:stick":4}},"DataVersion":3953}