{"stats":{"minecraft:custom":{"minecraft:jump":124,"minecraft:time_since_rest":9967,"minecraft:damage_taken":10,"minecraft:leave_game":3,"minecraft:sprint_one_cm":21274,"minecraft:time_since_death":9967,"minecraft:play_time":9967,"minecraft:walk_on_water_one_cm":116,"minecraft:walk_one_cm":7352,"minecraft:total_world_time":9967,"minecraft:walk_under_water_one_cm":253,"minecraft:swim_one_cm":5148,"minecraft:fall_one_cm":3795,"minecraft:fly_one_cm":34053},"minecraft:picked_up":{"minecraft:sand":1,"minecraft:oak_log":6},"minecraft:crafted":{"minecraft:oak_planks":24},"minecraft:mined":{"minecraft:oak_log":6,"minecraft:sand":1}},"DataVersion":3953}