{"stats":{"minecraft:killed_by":{"minecraft:spider":1},"minecraft:custom":{"minecraft:time_since_rest":2512,"minecraft:crouch_one_cm":14,"minecraft:damage_taken":250,"minecraft:play_time":16322,"minecraft:sprint_one_cm":38718,"minecraft:walk_one_cm":12289,"minecraft:deaths":1,"minecraft:sneak_time":62,"minecraft:walk_under_water_one_cm":253,"minecraft:mob_kills":1,"minecraft:jump":188,"minecraft:damage_dealt":160,"minecraft:leave_game":6,"minecraft:walk_on_water_one_cm":116,"minecraft:time_since_death":2452,"minecraft:total_world_time":16322,"minecraft:interact_with_crafting_table":1,"minecraft:swim_one_cm":5148,"minecraft:fall_one_cm":6531,"minecraft:fly_one_cm":48944},"minecraft:used":{"minecraft:wooden_sword":4,"minecraft:sand":1,"minecraft:crafting_table":1},"minecraft:mined":{"minecraft:oak_log":6,"minecraft:sand":1,"minecraft:crafting_table":1},"minecraft:picked_up":{"minecraft:wooden_sword":1,"minecraft:crafting_table":2,"minecraft:sand":1,"minecraft:oak_log":6,"minecraft:oak_planks":16,"minecraft:string":2},"minecraft:killed":{"minecraft:spider":1},"minecraft:crafted":{"minecraft:wooden_sword":1,"minecraft:oak_planks":24,"minecraft:crafting_table":1,"minecraft:stick":4}},"DataVersion":3953}